amendment,title,proposed_date,adopted_date,deadline,ratification_mode,states_in_union_at_adoption,source_url
1,First Amendment,1789-09-25,1791-12-15,,legislature,14,https://www.govinfo.gov/content/pkg/SMAN-107/html/SMAN-107-pg973.htm
2,Second Amendment,1789-09-25,1791-12-15,,legislature,14,https://www.govinfo.gov/content/pkg/SMAN-107/html/SMAN-107-pg973.htm
3,Third Amendment,1789-09-25,1791-12-15,,legislature,14,https://www.govinfo.gov/content/pkg/SMAN-107/html/SMAN-107-pg973.htm
4,Fourth Amendment,1789-09-25,1791-12-15,,legislature,14,https://www.govinfo.gov/content/pkg/SMAN-107/html/SMAN-107-pg973.htm
5,Fifth Amendment,1789-09-25,1791-12-15,,legislature,14,https://www.govinfo.gov/content/pkg/SMAN-107/html/SMAN-107-pg973.htm
6,Sixth Amendment,1789-09-25,1791-12-15,,legislature,14,https://www.govinfo.gov/content/pkg/SMAN-107/html/SMAN-107-pg973.htm
7,Seventh Amendment,1789-09-25,1791-12-15,,legislature,14,https://www.govinfo.gov/content/pkg/SMAN-107/html/SMAN-107-pg973.htm
8,Eighth Amendment,1789-09-25,1791-12-15,,legislature,14,https://www.govinfo.gov/content/pkg/SMAN-107/html/SMAN-107-pg973.htm
9,Ninth Amendment,1789-09-25,1791-12-15,,legislature,14,https://www.govinfo.gov/content/pkg/SMAN-107/html/SMAN-107-pg973.htm
10,Tenth Amendment,1789-09-25,1791-12-15,,legislature,14,https://www.govinfo.gov/content/pkg/SMAN-107/html/SMAN-107-pg973.htm
11,Eleventh Amendment,1794-03-04,1795-02-07,,legislature,15,https://www.govinfo.gov/content/pkg/SMAN-107/html/SMAN-107-pg973.htm
12,Twelfth Amendment,1803-12-09,1804-06-15,,legislature,17,https://www.govinfo.gov/content/pkg/SMAN-107/html/SMAN-107-pg973.htm
13,Thirteenth Amendment,1865-01-31,1865-12-06,,legislature,36,https://www.govinfo.gov/content/pkg/SMAN-107/html/SMAN-107-pg973.htm
14,Fourteenth Amendment,1866-06-13,1868-07-09,,legislature,37,https://www.govinfo.gov/content/pkg/SMAN-107/html/SMAN-107-pg973.htm
15,Fifteenth Amendment,1869-02-26,1870-02-03,,legislature,37,https://www.govinfo.gov/content/pkg/SMAN-107/html/SMAN-107-pg973.htm
16,Sixteenth Amendment,1909-07-12,1913-02-03,,legislature,48,https://www.govinfo.gov/content/pkg/SMAN-107/html/SMAN-107-pg973.htm
17,Seventeenth Amendment,1912-05-13,1913-04-08,,legislature,48,https://www.govinfo.gov/content/pkg/SMAN-107/html/SMAN-107-pg973.htm
18,Eighteenth Amendment,1917-12-18,1919-01-16,1924-12-18,legislature,48,https://www.govinfo.gov/content/pkg/SMAN-107/html/SMAN-107-pg973.htm
19,Nineteenth Amendment,1919-06-04,1920-08-18,,legislature,48,https://www.govinfo.gov/content/pkg/SMAN-107/html/SMAN-107-pg973.htm
20,Twentieth Amendment,1932-03-02,1933-01-23,1939-03-02,legislature,48,https://www.govinfo.gov/content/pkg/SMAN-107/html/SMAN-107-pg973.htm
21,Twenty-first Amendment,1933-02-20,1933-12-05,1940-02-20,convention,48,https://www.govinfo.gov/content/pkg/SMAN-107/html/SMAN-107-pg973.htm
22,Twenty-second Amendment,1947-03-21,1951-02-27,1954-03-21,legislature,48,https://www.everycrsreport.com/reports/97-922.html
23,Twenty-third Amendment,1960-06-16,1961-03-29,1967-06-16,legislature,50,https://www.govinfo.gov/content/pkg/SMAN-107/html/SMAN-107-pg973.htm
24,Twenty-fourth Amendment,1962-08-27,1964-01-23,1969-08-27,legislature,50,https://www.govinfo.gov/content/pkg/SMAN-107/html/SMAN-107-pg973.htm
25,Twenty-fifth Amendment,1965-07-06,1967-02-10,1972-07-06,legislature,50,https://www.govinfo.gov/content/pkg/SMAN-107/html/SMAN-107-pg973.htm
26,Twenty-sixth Amendment,1971-03-23,1971-07-01,1978-03-23,legislature,50,https://www.govinfo.gov/content/pkg/SMAN-107/html/SMAN-107-pg973.htm
27,Twenty-seventh Amendment,1789-09-25,1992-05-07,,legislature,50,https://www.govinfo.gov/content/pkg/SMAN-107/html/SMAN-107-pg973.htm
U-APPORT,Congressional Apportionment Amendment,1789-09-25,,,legislature,50,https://www.everycrsreport.com/reports/97-922.html
U-NOBILITY,Titles of Nobility Amendment,1810-05-01,,,legislature,50,https://www.everycrsreport.com/reports/97-922.html
U-CORWIN,Corwin Amendment,1861-03-02,,,legislature,50,https://www.everycrsreport.com/reports/97-922.html
U-CHILDLAB,Child Labor Amendment,1924-06-02,,,legislature,50,https://www.everycrsreport.com/reports/97-922.html
U-ERA,Equal Rights Amendment,1972-03-22,,1982-06-30,legislature,50,https://www.everycrsreport.com/reports/R42979.html
U-DCVR,District of Columbia Voting Rights Amendment,1978-08-22,,1985-08-22,legislature,50,https://en.wikipedia.org/wiki/District_of_Columbia_Voting_Rights_Amendment
