state,election_date,wet_votes,dry_votes,total_votes,delegates_wet,delegates_dry,convention_date,convention_ratified,source_url,notes
Alabama,1933-07-18,100269,70631,170900,103,0,1933-08-08,TRUE,https://archive.org/details/Article_V_Ratification_Convention_Records,"Popular vote from Brown 1938 (Alabama certificate of election): ""certify that in the election held on July 18, 1933 ... 100,269 for ratification and 70,631 against ratification."" Identical figures in the AP tabulation of 5 Dec 1933. Alabama ballots that did not mark the paired repeal question were void, so the delegate vote and the referendum vote are the same act. total_votes = wet+dry (source prints only the two columns)."
Arizona,1933-08-08,37643,11323,48966,14,0,1933-09-05,TRUE,https://www.loc.gov/resource/sn83045462/1933-12-05/ed-1/?sp=5,"AP tabulation ""How States Voted on Repeal"", Evening Star, 5 Dec 1933, p.5. Election date from the AP tabulation of 19 Jul 1933. Arizona law made a delegate's vote contrary to his pledge a misdemeanor, voiding the vote and the office. total_votes = wet+dry."
Arkansas,1933-07-18,67622,46091,113713,57,0,1933-08-01,TRUE,https://archive.org/details/Article_V_Ratification_Convention_Records,"STRAIGHT REFERENDUM RAN ALONGSIDE the delegate election; the Secretary of State certified the statewide ""For Repeal""/""Against Repeal"" totals to the convention, which was required to cast its whole vote accordingly and adjourn. Brown 1938: ""The vote in Arkansas July 18 was 67,622 for and 46,091 against repeal."" Convention first divided 42 to 15 on the roll call, then cast a unanimous vote: ""The amendment was adopted by a vote of 42 to 15, and then the unanimous vote of the convention was cast for repeal."" delegates_wet=57 is that final unanimous vote (42+15). total_votes = wet+dry."
California,1933-06-27,1019818,319981,1339799,22,0,1933-07-24,TRUE,https://www.loc.gov/resource/sn83045462/1933-12-05/ed-1/?sp=5,"AP tabulation, Evening Star, 5 Dec 1933, p.5. Election date from Brown 1938 (""special election held in said State on the twenty-seventh day of June, 1933""). The AP's earlier partial count of 19 Jul 1933 was 967,394 to 305,071; the December figures are the completed canvass. total_votes = wet+dry."
Colorado,1933-09-12,133066,62969,196035,15,0,1933-09-26,TRUE,https://www.loc.gov/resource/sn83045462/1933-12-05/ed-1/?sp=5,"AP tabulation, Evening Star, 5 Dec 1933, p.5. Election date from Brown 1938 (State Board of Canvassers, ""special Election held on the 12th day of September, A.D. 1933""). total_votes = wet+dry."
Connecticut,1933-06-20,236742,34816,271558,50,0,1933-07-11,TRUE,https://archive.org/details/Article_V_Ratification_Convention_Records,"Brown 1938 (Connecticut record): ""On June 20th, 1933, the Electors of the State of Connecticut in a Special Election voted on the question of whether or not the proposed amendment repealing the Eighteenth Article of Amendment ... be adopted. ... The total vote 'For Ratification' was Two Hundred Thirty-six Thousand Seven Hundred Forty-two. The Total vote 'Against Ratification' was Thirty-four Thousand Eight Hundred Sixteen; the whole number of names on registry lists in the State was 672,728."" Identical figures in both AP tabulations. REGISTERED-VOTER DENOMINATOR AVAILABLE for this state: 672,728. total_votes = wet+dry."
Delaware,,45615,13505,59120,17,0,1933-06-24,TRUE,https://www.loc.gov/resource/sn83045462/1933-12-05/ed-1/?sp=5,"AP tabulation, Evening Star, 5 Dec 1933, p.5; same figures in the AP tabulation of 19 Jul 1933. Election date not located in a fetched source. total_votes = wet+dry."
Florida,1933-10-10,98247,24439,122686,60,0,1933-11-14,TRUE,https://www.loc.gov/resource/sn83045462/1933-12-05/ed-1/?sp=5,"AP tabulation, Evening Star, 5 Dec 1933, p.5. Election date from Brown 1938 (""the election held in each County of the State, on October [10]th, 1933 ... regularly elected sixty-seven delegates""). total_votes = wet+dry."
Idaho,,56652,40977,97629,21,0,1933-10-17,TRUE,https://www.loc.gov/resource/sn83045462/1933-12-05/ed-1/?sp=5,"AP tabulation, Evening Star, 5 Dec 1933, p.5. Election date left blank: Brown 1938 reads ""the special election held on the ryth day of September, 1933"" and the day number is not legible in the OCR. total_votes = wet+dry."
Illinois,1933-06-05,1227668,341773,1569441,50,0,1933-07-10,TRUE,https://www.loc.gov/resource/sn83045462/1933-12-05/ed-1/?sp=5,"AP tabulation, Evening Star, 5 Dec 1933, p.5; same figures in the AP tabulation of 19 Jul 1933. Election date from Brown 1938 (""all persons elected at an election held on June 5, 1933""). total_votes = wet+dry."
Indiana,1933-06-06,557062,312120,869182,246,83,1933-06-26,TRUE,https://archive.org/details/Article_V_Ratification_Convention_Records,"Brown 1938 (Indiana convention floor): ""557,062 voted for repeal on June 6 and that 312,120 voted against repeal, the total for and against repeal being 869,182."" Identical figures in both AP tabulations, and the stated total confirms wet+dry. THE ONLY STATE WITH SUBSTANTIAL CONVENTION DISSENT: Brown, ""Indiana was the exception. There the vote stood 246 to 83."""
Iowa,1933-06-20,376661,249534,626195,99,0,1933-07-10,TRUE,https://www.loc.gov/resource/sn83045462/1933-12-05/ed-1/?sp=5,"AP tabulation, Evening Star, 5 Dec 1933, p.5; same figures in the AP tabulation of 19 Jul 1933. Election date from Brown 1938 (""Special Election held on June 20th, 1933""). DELEGATE COUNT DISPUTED: AP prints ""99 to 0"", but Brown's convention journal records the aye list followed by ""The nays were, none"" and ""Absent, 9"" — so 99 is the number elected and about 90 actually voted. total_votes = wet+dry."
Kentucky,1933-11-07,386653,234417,621070,19,0,1933-11-27,TRUE,https://www.loc.gov/resource/sn83045462/1933-12-05/ed-1/?sp=5,"AP tabulation, Evening Star, 5 Dec 1933, p.5. Election date from Brown 1938 (""delegates were selected by the voters of the Commonwealth at the election held on the 7th day of November, 1933""). Corroborated on the convention floor in Brown: ""the majority for repeal shows, instead of 147,000, a majority of 152,000"" — the AP figures give a majority of 152,236. total_votes = wet+dry."
Maine,1933-09-11,114795,53000,167795,72,0,1933-12-06,TRUE,https://www.loc.gov/resource/sn83045462/1933-12-05/ed-1/?sp=5,"AP tabulation, Evening Star, 5 Dec 1933, p.5. DRY FIGURE SUSPECT: printed as a round ""53,000"", which is almost certainly rounded or preliminary — the convention had not yet met when the table went to press. Treat 53,000 and therefore total_votes as approximate. Election date from the AP tabulation of 19 Jul 1933. Convention vote from Brown 1938: ratified ""by the unanimous vote of all the delegates present, namely, seventy-two delegates, constituting more than a quorum."""
Maryland,1933-09-12,205130,45776,250906,24,0,1933-10-18,TRUE,https://www.loc.gov/resource/sn83045462/1933-12-05/ed-1/?sp=5,"AP tabulation, Evening Star, 5 Dec 1933, p.5. Election date from Brown 1938 (Secretary of State: ""special election held in Maryland on September 12, 1933, to elect delegates""). total_votes = wet+dry."
Massachusetts,1933-06-13,436356,97702,534058,45,0,1933-06-26,TRUE,https://www.loc.gov/resource/sn83045462/1933-12-05/ed-1/?sp=5,"AP tabulation, Evening Star, 5 Dec 1933, p.5; same figures in the AP tabulation of 19 Jul 1933. Election date from Brown 1938 (""the returns of votes cast at the election held in this Commonwealth on the thirteenth day of June, 1933""). total_votes = wet+dry."
Michigan,,850546,287931,1138477,99,1,1933-04-10,TRUE,https://www.loc.gov/resource/sn83045462/1933-07-19/ed-1/?sp=3,"FIRST STATE TO RATIFY. Popular vote from the AP tabulation in the Evening Star, 19 Jul 1933, p.3: ""850,546 to 287,931"". The 5 Dec 1933 AP table OCRs the dry figure as 278,931, which contradicts both that earlier table and the same table's printed majority of 562,615; 287,931 also makes the AP's printed national dry total reconcile. Election date not located in a fetched source. total_votes = wet+dry."
Minnesota,,390179,209049,599228,21,0,1933-10-10,TRUE,https://www.loc.gov/resource/sn83045462/1933-12-05/ed-1/?sp=5,"AP tabulation, Evening Star, 5 Dec 1933, p.5. Election date not established from a fetched source. total_votes = wet+dry."
Missouri,1933-08-19,503642,156961,660603,68,0,1933-08-29,TRUE,https://www.loc.gov/resource/sn83045462/1933-12-05/ed-1/?sp=5,"AP tabulation, Evening Star, 5 Dec 1933, p.5 (dry figure OCRs as ""15G.961""; 156,961 is fixed by the table's own printed majority of 346,681 and by the national column total). Election date from Brown 1938 (""said special election be held on the [19]th day of August, 1933""). total_votes = wet+dry."
Montana,,,,,45,4,1934-08-06,TRUE,https://www.loc.gov/resource/sn83045462/1934-08-07/ed-1/?sp=15,"LAST STATE TO RATIFY and the only convention held in 1934, so Montana is absent from the 5 Dec 1933 AP tabulation that supplies every other state's popular vote. NO STATEWIDE POPULAR VOTE LOCATED. Delegates were chosen at the 17 Jul 1934 state primary (Plentywood Herald, 2 Aug 1934: ""elected by voters of Sheridan county at the primary election as delegates in favor of repeal ... The ratification measure carried by a wide majority at the primaries""). Convention vote from Evening Star, 7 Aug 1934, p.15: ""By a delegate vote of 45 to 4, Montana yesterday became the thirty-eighth State to ratify the twenty-first or repeal amendment."" Corroborated by Brown 1938, which lists Montana among the six states registering any convention votes against repeal (4)."
Nevada,,,,,39,0,1933-09-05,TRUE,https://www.loc.gov/resource/sn83045462/1933-12-05/ed-1/?sp=5,"NO POPULAR VOTE. AP tabulation, Evening Star, 5 Dec 1933, p.5, footnote: ""Delegates to conventions in Wyoming and Nevada were chosen at precinct mass meetings or county conventions; no popular vote."" The AP tabulation of 19 Jul 1933 likewise marks Nevada ""(Chosen at county conventions.)"" EXCLUDE from any wet-share denominator."
New Hampshire,,76044,30409,106453,10,0,1933-07-11,TRUE,https://www.loc.gov/resource/sn83045462/1933-12-05/ed-1/?sp=5,"AP tabulation, Evening Star, 5 Dec 1933, p.5; same figures in the AP tabulation of 19 Jul 1933. Ten repeal-pledged and ten anti-repeal candidates ran statewide. DELEGATE COUNT DISPUTED: AP prints ""10 to 0""; Brown 1938, reprinting the New Hampshire Manual for the General Court 1935, says ""nine of the ten delegates were present and voted in favor of the Repeal ... there being no votes against Repeal."" Election date not established from a fetched source. total_votes = wet+dry."
New Jersey,1933-05-16,573532,90733,664265,202,2,1933-06-01,TRUE,https://www.loc.gov/resource/sn83045462/1933-12-05/ed-1/?sp=5,"AP tabulation, Evening Star, 5 Dec 1933, p.5; same figures in the AP tabulation of 19 Jul 1933. Election date from Brown 1938 (""the sixteenth day of May, 1933, for the election of delegates to the Convention""). The 2 dissenting convention votes are corroborated by Brown's introduction. total_votes = wet+dry."
New Mexico,1933-09-19,53321,14041,67362,3,0,1933-11-02,TRUE,https://www.loc.gov/resource/sn83045462/1933-12-05/ed-1/?sp=5,"AP tabulation, Evening Star, 5 Dec 1933, p.5. Election date from Brown 1938 (""duly elected at the Special Election held on the nineteenth day of September, 1933""). Convention vote printed by AP as ""3 to 0""; not independently confirmed in Brown's New Mexico record, which is brief. total_votes = wet+dry."
New York,1933-05-23,1946532,247450,2193982,150,0,1933-06-27,TRUE,https://www.loc.gov/resource/sn83045462/1933-12-05/ed-1/?sp=5,"AP tabulation, Evening Star, 5 Dec 1933, p.5; same figures in the AP tabulation of 19 Jul 1933. Largest wet vote of any state. Election date from Brown 1938 (""at the Special Election held in said State on May 23rd, 1933, duly elected as delegates""). total_votes = wet+dry."
North Carolina,1933-11-07,120190,293484,413674,,,,FALSE,https://www.loc.gov/resource/sn83045462/1933-12-05/ed-1/?sp=5,"NO CONVENTION WAS EVER HELD. The 7 Nov 1933 ballot both elected delegates and asked whether to call a convention; the electorate elected delegates but voted the convention down. Brown 1938: ""In North Carolina the electorate voted for convention delegates, but also voted against holding a convention."" The figures here are the convention-call vote as tabulated by the AP on 5 Dec 1933. Partial returns the morning after (Evening Star, 8 Nov 1933, p.4, https://www.loc.gov/resource/sn83045462/1933-11-08/ed-1/?sp=4): ""Returns from 1,444 precincts of 1,831 gave 108,246 votes for repeal and 231,872 against."" Included per instruction to record states that held elections without ratifying. total_votes = wet+dry."
Ohio,1933-11-07,1444033,583842,2027875,52,0,1933-12-05,TRUE,https://www.loc.gov/resource/sn83045462/1933-12-05/ed-1/?sp=5,"AP tabulation, Evening Star, 5 Dec 1933, p.5 — the AP left the convention-vote column blank because the paper went to press before the Ohio convention finished. Convention vote supplied from Brown 1938: ""The result of the roll call shows: Yeas, 52; Nays, none."" Election date from Brown (""pursuant to your election on the seventh day of November, 1933, as a delegate to the Ohio Constitutional Convention""). total_votes = wet+dry."
Oregon,1933-07-21,136713,72854,209567,110,5,1933-08-07,TRUE,https://www.loc.gov/resource/sn83045462/1933-12-05/ed-1/?sp=5,"STRAIGHT REFERENDUM RAN ALONGSIDE the delegate election. Brown 1938: ""Oregon likewise provided that at the same election at which delegates were elected the question of ratifying or rejecting the proposed amendment should be placed before the electors in the form of a popular referendum,"" with candidates pledged to vote ""in accordance with the will of the majority of the voters of the county from which they were candidates, as shown by the popular vote on the question."" Popular figures from the AP tabulation, Evening Star, 5 Dec 1933, p.5; election date from the AP tabulation of 19 Jul 1933. The 5 dissenting convention votes are corroborated by Brown's introduction. total_votes = wet+dry."
Pennsylvania,1933-11-07,1864411,583513,2447924,15,0,1933-12-05,TRUE,https://www.loc.gov/resource/sn83045462/1933-12-05/ed-1/?sp=5,"AP tabulation, Evening Star, 5 Dec 1933, p.5 — convention-vote column blank at press time. Convention had only fifteen delegates, all elected at large; Brown 1938: ""The report of the tellers is fifteen votes for the repeal of the Eighteenth Amendment and none against. The amendment is ratified and adopted by this Convention. The hour is 12:50 p.m., December 5, 1933."" Election date from Brown (""election held on November 7, 1933, to constitute a convention""). total_votes = wet+dry."
Rhode Island,,150244,20874,171118,31,0,1933-05-08,TRUE,https://www.loc.gov/resource/sn83045462/1933-12-05/ed-1/?sp=5,"AP tabulation, Evening Star, 5 Dec 1933, p.5; same figures in the AP tabulation of 19 Jul 1933. Election date left blank: Brown 1938 only says the special election was held ""one week ago"" relative to the 8 May convention. total_votes = wet+dry."
South Carolina,1933-11-07,33074,35845,68919,0,41,1933-12-04,FALSE,https://archive.org/details/Article_V_Ratification_Convention_Records,"THE ONLY CONVENTION THAT VOTED REPEAL DOWN. Brown 1938: ""The vote of the convention against repeal of the 18th amendment was unanimous, pursuant to the anti-repeal vote cast November 7 at the special election. In that election the vote stood: against repeal, 35,845; for repeal, 33,074."" The dry margin was 2,771 votes — under 4 points, the closest result in the country. Convention vote of 0 to 41 from the AP tabulation, Evening Star, 5 Dec 1933, p.5, which flags the majority as against repeal. Brown's introduction: ""Aside from the South Carolina convention, which was composed of delegates opposed to repeal, who voted against the ratification of the proposed amendment, the delegates favoring repeal were overwhelmingly in the majority."" total_votes = wet+dry."
Tennessee,1933-07-20,126983,119870,246853,63,0,1933-08-11,TRUE,https://www.loc.gov/resource/sn83045462/1933-12-05/ed-1/?sp=5,"AP tabulation, Evening Star, 5 Dec 1933, p.5. Narrowest wet win of any ratifying state: a margin of 7,113 on 246,853 votes (50.9 percent wet). Election date from Brown 1938 (""Third Thursday of July (namely, on July 20th), 1933 ... for the purpose of electing sixty-three Delegates""). total_votes = wet+dry."
Texas,1933-08-26,310710,195341,506051,20,0,1933-11-24,TRUE,https://www.loc.gov/resource/sn83045462/1933-12-05/ed-1/?sp=5,"AP tabulation, Evening Star, 5 Dec 1933, p.5. The state-name cell OCRs as ""X*""; the row is identified as Texas by its 24 Nov convention date, which Brown 1938 confirms (""in the City of Austin at the hour of 10 a.m., November 24th, A.D. 1933""). Election date from Brown (""an election held in the State of Texas on the 26th day of August, 1933""). total_votes = wet+dry."
Utah,,101665,67234,168899,,0,1933-12-05,TRUE,https://www.loc.gov/resource/sn83045462/1933-12-05/ed-1/?sp=5,"THE 36TH AND DECIDING STATE — repeal took effect on this convention's vote at 3:32 p.m. MST, 5 Dec 1933. Popular vote from the AP tabulation, Evening Star, 5 Dec 1933, p.5. Twenty-one delegates were elected, all repeal-pledged (Brown 1938: the canvassers found ""the twenty-one delegates for [ratification] received a greater number of votes than the twenty-one delegates against ratification""). delegates_wet left blank: Brown's roll call records Delegate Gilmour absent and the OCR captures 19 explicit ayes of 21, so the exact aye count is not transcribable; delegates_dry=0 rests on ""The vote upon the resolution is unanimous."" total_votes = wet+dry."
Vermont,1933-09-05,41182,20714,61896,14,0,1933-09-16,TRUE,https://www.loc.gov/resource/sn83045462/1933-12-05/ed-1/?sp=5,"AP tabulation, Evening Star, 5 Dec 1933, p.5. Election date from Brown 1938 (""canvassing the votes cast at the Special Election held on Tuesday, the fifth day of September, A.D. 1933"") and the AP tabulation of 19 Jul 1933. total_votes = wet+dry."
Virginia,1933-10-03,99459,58517,157976,30,0,1933-10-25,TRUE,https://www.loc.gov/resource/sn83045462/1933-12-05/ed-1/?sp=5,"AP tabulation, Evening Star, 5 Dec 1933, p.5. Election date from Brown 1938 (""At the election held October 3, 1933, to elect delegates to this Convention""). total_votes = wet+dry."
Washington,1933-08-29,490088,208208,698296,94,4,1933-10-03,TRUE,https://www.loc.gov/resource/sn83045462/1933-12-05/ed-1/?sp=5,"AP tabulation, Evening Star, 5 Dec 1933, p.5. DRY FIGURE UNCERTAIN BY 2: the OCR reads 208,208, but this is the one row of 37 whose printed majority does not check (490,088 - 208,208 = 281,880, while the table prints 281,882), and the whole dry column then overshoots the AP's printed national dry total by exactly 2. Both checks independently imply the printed figure is 208,206. Recorded as read; the discrepancy is 2 votes in 698,296. Election date from Brown 1938 (""all persons elected at an election held on August 29th, 1933""). The 4 dissenting convention votes are corroborated by Brown's introduction. total_votes = wet+dry."
West Virginia,1933-06-27,218638,136552,355190,20,0,1933-07-25,TRUE,https://www.loc.gov/resource/sn83045462/1933-12-05/ed-1/?sp=5,"AP tabulation, Evening Star, 5 Dec 1933, p.5. The AP's earlier partial count of 19 Jul 1933 was 219,914 to 136,835; the December figures are the completed canvass. Election date from Brown 1938 (""the following candidates at the election held on June 27, 1933""). total_votes = wet+dry."
Wisconsin,1933-04-04,648031,141518,789549,15,0,1933-04-25,TRUE,https://www.loc.gov/resource/sn83045462/1933-12-05/ed-1/?sp=5,"AP tabulation, Evening Star, 5 Dec 1933, p.5; same figures in the AP tabulation of 19 Jul 1933. Election date from Brown 1938 (""the delegates to this convention were elected in the election held throughout the State of Wisconsin on Tuesday, April 4, 1933""). total_votes = wet+dry."
Wyoming,,,,,64,0,1933-05-25,TRUE,https://www.loc.gov/resource/sn83045462/1933-12-05/ed-1/?sp=5,"NO POPULAR VOTE. AP tabulation, Evening Star, 5 Dec 1933, p.5, footnote: ""Delegates to conventions in Wyoming and Nevada were chosen at precinct mass meetings or county conventions; no popular vote."" The AP tabulation of 19 Jul 1933 marks Wyoming ""(Delegates chosen at precinct mass meetings and county conventions.)"" Brown 1938 adds that the Wyoming statute alone made no mention of delegate preferences, ""apparently leaving the delegates free to debate and vote as a truly deliberative body."" EXCLUDE from any wet-share denominator."
